train_size,err_percent,errors,total
1x,12.222222222222221,33,270
2x,7.037037037037037,19,270
4x,6.666666666666667,18,270
8x,5.925925925925926,16,270
